<!DOCTYPE log4j:configuration SYSTEM "log4j.dtd">
<log4j:configuration debug="true"
	xmlns:log4j='http://jakarta.apache.org/log4j/'>

	<!-- Console -->
	<appender name="console"
		class="org.apache.log4j.ConsoleAppender">
		<layout class="org.apache.log4j.PatternLayout">
			<param name="ConversionPattern"
				value="%d{yyyy-MM-dd HH:mm:ss} %-5p %c{1}:%L - %m%n" />
		</layout>
	</appender>

	<appender name="RollingAppender"
		class="org.apache.log4j.RollingFileAppender">
		       
		<param name="File"
			value="${jboss.server.log.dir}/App_logs/EoTT/EoTT.Services.log" />
		<param name="maxFileSize" value="20MB" />
		<param name="maxBackupIndex" value="10000" />
		       
		<param name="DatePattern" value="'.'yyyy-MM-dd" />
		       
		<layout class="org.apache.log4j.PatternLayout">
			          
			<param name="ConversionPattern" value="[%p] %d %c %M - %m%n" />
			          
			       
		</layout>
		    
	</appender>

	<root>
		<priority value="INFO" />
		<appender-ref ref="RollingAppender" />
		<appender-ref ref="console" />
	</root>
</log4j:configuration>



